{"Loss": 0.0011666144437185721, "_runtime": 107, "_timestamp": 1634186210, "_step": 999, "Val Loss": 0.08679453283548355, "Acc": 99.95, "Val Acc": 90.4, "_wandb": {"runtime": 106}}